{"count":1,"gauges":{"CarBrain.CumulativeReward":{"count":18321,"max":3213.67383,"min":-876.744141,"value":-61.69259,"weightedAverage":589.1372}},"self":3872.9969664,"total":43882.6212462,"children":{"AgentSendState":{"count":1500117,"self":47.3737248,"total":1393.7116187,"children":{"CollectObservations":{"count":3000240,"self":16.5017168,"total":16.5017171,"children":null},"AgentInfo.ToProto":{"count":3000240,"self":17.1391888,"total":1329.836178,"children":{"GenerateSensorData":{"count":3000240,"self":51.772870399999995,"total":1312.6969887999999,"children":{"RayPerceptionSensor.Perceive":{"count":3000240,"self":1260.9241087999999,"total":1260.924118,"children":null}}}}}}},"DecideAction":{"count":1500117,"self":38528.6733824,"total":38528.6724168,"children":null},"AgentAct":{"count":1500117,"self":78.2454592,"total":80.81974919999999,"children":{"AgentInfo.ToProto":{"count":5746,"self":0.0479922,"total":2.5742892,"children":{"GenerateSensorData":{"count":5746,"self":0.1404174,"total":2.526297,"children":{"RayPerceptionSensor.Perceive":{"count":5746,"self":2.3858796,"total":2.3858796,"children":null}}}}}}},"AgentInfo.ToProto":{"count":12575,"self":0.144146,"total":6.4195388,"children":{"GenerateSensorData":{"count":12575,"self":0.28396479999999996,"total":6.2753928,"children":{"RayPerceptionSensor.Perceive":{"count":12575,"self":5.991428,"total":5.991428,"children":null}}}}}}}