{"count":1,"gauges":{},"self":30.2644512,"total":31.1221267,"children":{"AgentSendState":{"count":1530,"self":0.021965699999999998,"total":0.0229631,"children":{"CollectObservations":{"count":510,"self":0.00099739999999999985,"total":0.00099739999999999985,"children":null}}},"DecideAction":{"count":1530,"self":0.0029869,"total":0.0029869,"children":null},"AgentAct":{"count":1530,"self":0.8297313,"total":0.8297313,"children":null}}}